{
  "overall": {
    "topk": {
      "hits@1": 0.32826748490333557,
      "hits@3": 0.4711246192455292,
      "hits@5": 0.5197568535804749,
      "hits@10": 0.6170212626457214
    },
    "MRR": 0.43211086810596844,
    "accuracy": 0.3282674772036474,
    "ARI": 0.12937754388583136,
    "NMI": 0.6434845310441771
  },
  "per_class_csv": "semantic_eval_out/semantic_150epoch/per_class_report.csv",
  "confusion_matrix_png": "semantic_eval_out/semantic_150epoch/fig_confusion.png",
  "projection_png": "semantic_eval_out/semantic_150epoch/fig_projection.png",
  "note": "Confusion matrix axes use class indices; map via GT_labels_semantic."
}